-- Детали
COPY detail (detail_id, name, price, color, weight) FROM stdin;
1	Перекрытие	20000	белый	100000
2	Жидкие гвозди	200	зелёный	100
3	Изолента	50	синий	50
4	Кирпич	100	красный	500
5	Плинтус	150	серый	300
6	Огнетушитель	3000	красный	3000
7	Дрель	5500	зелёный	5000
8	Каска	4000	оранжевый	500
9	Краска	500	коричневый	900
10	Шпатлёвка	5000	белый	5000
11	Плитка	40000	чёрный	5000
12	Плитка	20000	красный	4000
13	Доски	30000	коричневый	14500
14	Краска	40000	оранжевый	3000
15	Краска	25000	зелёный	1000
16	Хомут	50	белый	50
17	Шуруповёрт	10000	чёрный	400
18	Набор метизов	10000	серый	2000
19	Декоративный штурвал	40000	коричневый	3000
20	Аптечка	600	белый	300
\.
--======================================================================

-- Поставщики
COPY producer (producer_id, name, city, address, rating) FROM stdin;
1	ИП Васильев	Олекминск	Глинки, 40	6
2	ИП Егоров	Селты	Авиаконструктора Яковлева, 9	7
3	ИП Морозов	Горьковское	Адмирала Лазарева, 83	10
4	ИП Гаврилов	Ленинградская	Авиаконструктора Яковлева, 38	6
5	ИП Кудрявцева	Сухой Лог	Екатерины Бакуниной, 23	4
6	ИП Попов	Далматово	Театральная, 58	7
7	ИП Кулагина	Ленинский	Сталина, 59	2
8	ИП Никитин	Дубровка	Гвардейская, 30	9
9	ИП Козлов	Березовский	Вагжанова, 76	8
10	ИП Русов	Якутск	Глинки, 98	7
11	ИП Трифонова	Палкино	Батайская, 16	6
12	ИП Сидоров	Самара	Сержанта Елизарова, 23	1
13	ИП Давыдов	Ломоносовка	Жёлтиковская 1-я, 36	10
14	ИП Киселёв	Кандалакша	Хрущёва, 32	6
15	ИП Григорьева	Тимашевск	Жёлтиковская 1-я, 54	1
16	ИП Вирская	Юрья	Багрицкого, 27	7
17	ИП Муравьёва	Луза	Жёлтиковская 1-я, 2	6
18	ИП Титова	Курск	Абельмановская, 22	2
19	ИП Пономарёв	Ильинское-Хованское	Айвазовского, 24	8
20	ИП Козырев	Верховажье	Беговая 3-я, 36	3
\.
--======================================================================

-- Проекты
COPY project (project_id, name, city, address, balance) FROM stdin;
1	Эврика	Сенгилей	Вагжанова, 64	100000
2	Стимул	Брянск	Баррикадная, 38	20000
3	Веста	Вешенская	Барклая, 6	30000
4	Бриз	Новокузнецк	Автомоторная, 75	500000
5	Люксив	Новосибирск	Базовская, 90	500000
6	Юнион	Можайск	Базовская, 23	30000
7	Сигма	Мамоново	15 лет октября, 55	20000
8	Орион	Лиски	Бардина, 24	500000
9	Ямина	Гатчина	Дальняя, 69	500000
10	Океания	Апатиты	Бардина, 37	500000
11	Альянс	Парфино	Дачная, 75	100000
12	Морион	Назрань	Глинки, 91	1000000
13	Сфера	Новоегорьевское	Деревцова, 74	300000
14	Медуза	Щегловка	Базовая, 55	200000
15	Терра	Сухобузимское	Строителей, 39	100000
16	Шанти	Лангепас	Адмирала Руднева, 90	10000
17	Raй	Мышкин	Адмирала Макарова, 9	20000
18	Sky	Мордовское	Багрицкого, 50	30000
19	Штиль	Березовка	Азовская, 80	30000
20	Цезарь	Вишневское	Барминовская, 36	10000
\.
--======================================================================

-- Поставки
COPY supply (supply_id, project_id, amount, detail_id, producer_id) FROM stdin;
1	14	5	8	11
2	10	5	12	1
3	10	25	2	1
4	1	2	1	14
5	16	3	6	16
6	17	4	20	3
7	12	1	19	4
8	6	10	5	8
9	6	5	3	8
10	6	4	4	8
11	20	4	9	5
12	7	1	18	1
13	7	2	9	15
14	13	3	11	16
15	13	12	10	9
16	3	2	16	10
17	19	3	16	17
18	18	2	10	19
19	8	1	17	6
20	8	1	20	13
\.
--======================================================================
